编号,英文名称,中文名称,备注
D1,,,原图仅显示编号
D2,,,原图仅显示编号
D3,,,原图仅显示编号
D4,,,原图仅显示编号
D5,,,原图仅显示编号
D6,,,原图仅显示编号
T1,Business and Management Building,厚德楼,
T2,Humanities Building,人文楼,
T3,Science Building,格物楼,
T4,Teaching Building,教学楼,
T5,Teaching Building,教学楼,
T6,Teaching Building,教学楼,
T7,Teaching Building,教学楼,
T8,CEFC Building,博简楼,
T29,Teaching Building,教学楼,
V15,Ming Xin House,明心楼,
V16,Shang Xian House,尚贤楼,
V17,Ren Ai House,仁爱楼,
V18,Bao Pu House,抱朴楼,
V19,Zhen Zhi House,真知楼,
V20,Du Xing House,笃行楼,
V21,Bo Wen House,博文楼,
V22,Ya Zhi House,雅志楼,
V23,Xue Qin House,雪芹楼,
V24,Yang Ming House,阳明楼,
V25,Dong Po House,东坡楼,
V26,Goethe House,歌德楼,
V27,Hugo House,雨果楼,
V28,Shakespeare House,莎翁楼,
V29,Yung Wing House,容闳楼,
